Workbook

Sheet Dashboard
A1: Отчёт по пролонгациям - 2023
A2: Месяц (1-12): | C2: Отдел
A3: 1 | C3: Коэф.1 (месяц) | D3: Коэф.2 (месяц) | E3: =TEXT(DATE(2023,$A$3,1),"ММММ") -> Январь
A4: Аккаунт-менеджер: | C4: =IF(COUNTIF('coef1_dept_month_2023'!$A:$A,DATE(2023,$A$3,1))=0,"— нет данных", VLOOKUP(DATE(2023,$A$3,1),'coef1_dept_month_2023'!$A:$E,5,FALSE)) -> 0.73049 | D4: =IF(COUNTIF('coef2_dept_month_2023'!$A:$A,DATE(2023,$A$3,1))=0,"— нет данных", VLOOKUP(DATE(2023,$A$3,1),'coef2_dept_month_2023'!$A:$E,5,FALSE)) -> 0.540334
A5: без А/М | C5: Коэф.1 (год) | D5: Коэф.2 (год)
C6: =IFERROR(VLOOKUP(2023, 'coef1_dept_year_2023'!$A:$E, 5, FALSE), "") -> 0.882596 | D6: =IFERROR(VLOOKUP(2023, 'coef2_dept_year_2023'!$A:$E, 5, FALSE), "") -> 0.266075
C8: АМ
C9: Коэф.1 АМ (месяц) | D9: Коэф.2 АМ (месяц) | E9: =TEXT(DATE(2023,$A$3,1),"ММММ") -> Январь
C10: =IF($A$5="","— выбери АМ", IF( SUMIFS('coef1_by_am_month_2023'!$D:$D,'coef1_by_am_month_2023'!$A:$A,DATE(2023,$A$3,1),'coef1_by_am_month_2023'!$B:$B,$A$5) + SUMIFS('coef1_by_am_month_2023'!$D:$D,'coef1_by_am_month_2023'!$A:$A,"2023-"&TEXT($A$3,"00"),'coef1_by_am_month_2023'!$B:$B,$A$5) =0,"— нет данных", (SUMIFS('coef1_by_am_month_2023'!$C:$C,'coef1_by_am_month_2023'!$A:$A,DATE(2023,$A$3,1),'coef1_by_am_month_2023'!$B:$B,$A$5) + SUMIFS('coef1_by_am_month_2023'!$C:$C,'coef1_by_am_month_2023'!$A:$A,"2023-"&TEXT($A$3,"00"),'coef1_by_am_month_2023'!$B:$B,$A$5)) / (SUMIFS('coef1_by_am_month_2023'!$D:$D,'coef1_by_am_month_2023'!$A:$A,DATE(2023,$A$3,1),'coef1_by_am_month_2023'!$B:$B,$A$5) + SUMIFS('coef1_by_am_month_2023'!$D:$D,'coef1_by_am_month_2023'!$A:$A,"2023-"&TEXT($A$3,"00"),'coef1_by_am_month_2023'!$B:$B,$A$5)) ) ) -> — нет данных | D10: =IF($A$5="","— выбери АМ", IF(SUMIFS('coef2_by_am_month_2023'!$D:$D, 'coef2_by_am_month_2023'!$A:$A, DATE(2023,$A$3,1), 'coef2_by_am_month_2023'!$B:$B, $A$5)=0,"— нет данных", SUMIFS('coef2_by_am_month_2023'!$C:$C, 'coef2_by_am_month_2023'!$A:$A, DATE(2023,$A$3,1), 'coef2_by_am_month_2023'!$B:$B, $A$5) / SUMIFS('coef2_by_am_month_2023'!$D:$D, 'coef2_by_am_month_2023'!$A:$A, DATE(2023,$A$3,1), 'coef2_by_am_month_2023'!$B:$B, $A$5))) -> — нет данных
C11: Коэф.1 АМ (год) | D11: Коэф.2 АМ (год)
C12: =IF($A$5="","— выбери АМ", IFERROR(VLOOKUP($A$5, 'coef1_by_am_year_2023'!$B:$E, 4, FALSE), "— нет данных")) -> 0 | D12: =IF($A$5="","— выбери АМ", IFERROR(VLOOKUP($A$5, 'coef2_by_am_year_2023'!$B:$E, 4, FALSE), "— нет данных")) -> — нет данных
B14: Таблица Месяцы - значения
B15: Месяц | C15: Коэф.1 отдел | D15: Коэф.2 отдел | E15: Коэф.1 АМ | F15: Коэф.2 АМ
B16: 1 | C16: =IFERROR(VLOOKUP(DATE(2023,B16,1),'coef1_dept_month_2023'!$A:$E,5,FALSE),"") -> 0.73049 | D16: =IFERROR(VLOOKUP(DATE(2023,B16,1),'coef2_dept_month_2023'!$A:$E,5,FALSE),"") -> 0.540334 | E16: =IF($A$5="","",IF( SUMIFS('coef1_by_am_month_2023'!$D:$D,'coef1_by_am_month_2023'!$A:$A,DATE(2023,B16,1),'coef1_by_am_month_2023'!$B:$B,$A$5) +SUMIFS('coef1_by_am_month_2023'!$D:$D,'coef1_by_am_month_2023'!$A:$A,"2023-"&TEXT(B16,"00"),'coef1_by_am_month_2023'!$B:$B,$A$5) =0,"", (SUMIFS('coef1_by_am_month_2023'!$C:$C,'coef1_by_am_month_2023'!$A:$A,DATE(2023,B16,1),'coef1_by_am_month_2023'!$B:$B,$A$5) +SUMIFS('coef1_by_am_month_2023'!$C:$C,'coef1_by_am_month_2023'!$A:$A,"2023-"&TEXT(B16,"00"),'coef1_by_am_month_2023'!$B:$B,$A$5)) / (SUMIFS('coef1_by_am_month_2023'!$D:$D,'coef1_by_am_month_2023'!$A:$A,DATE(2023,B16,1),'coef1_by_am_month_2023'!$B:$B,$A$5) +SUMIFS('coef1_by_am_month_2023'!$D:$D,'coef1_by_am_month_2023'!$A:$A,"2023-"&TEXT(B16,"00"),'coef1_by_am_month_2023'!$B:$B,$A$5)) )) | F16: =IF($A$5="","",IF( SUMIFS('coef2_by_am_month_2023'!$D:$D,'coef2_by_am_month_2023'!$A:$A,DATE(2023,B16,1),'coef2_by_am_month_2023'!$B:$B,$A$5) +SUMIFS('coef2_by_am_month_2023'!$D:$D,'coef2_by_am_month_2023'!$A:$A,"2023-"&TEXT(B16,"00"),'coef2_by_am_month_2023'!$B:$B,$A$5) =0,"", (SUMIFS('coef2_by_am_month_2023'!$C:$C,'coef2_by_am_month_2023'!$A:$A,DATE(2023,B16,1),'coef2_by_am_month_2023'!$B:$B,$A$5) +SUMIFS('coef2_by_am_month_2023'!$C:$C,'coef2_by_am_month_2023'!$A:$A,"2023-"&TEXT(B16,"00"),'coef2_by_am_month_2023'!$B:$B,$A$5)) / (SUMIFS('coef2_by_am_month_2023'!$D:$D,'coef2_by_am_month_2023'!$A:$A,DATE(2023,B16,1),'coef2_by_am_month_2023'!$B:$B,$A$5) +SUMIFS('coef2_by_am_month_2023'!$D:$D,'coef2_by_am_month_2023'!$A:$A,"2023-"&TEXT(B16,"00"),'coef2_by_am_month_2023'!$B:$B,$A$5)) ))
B17: 2 | C17: =IFERROR(VLOOKUP(DATE(2023,B17,1),'coef1_dept_month_2023'!$A:$E,5,FALSE),"") -> 0.957597 | D17: =IFERROR(VLOOKUP(DATE(2023,B17,1),'coef2_dept_month_2023'!$A:$E,5,FALSE),"") -> 0.252103 | E17: =IF($A$5="","",IF( SUMIFS('coef1_by_am_month_2023'!$D:$D,'coef1_by_am_month_2023'!$A:$A,DATE(2023,B17,1),'coef1_by_am_month_2023'!$B:$B,$A$5) +SUMIFS('coef1_by_am_month_2023'!$D:$D,'coef1_by_am_month_2023'!$A:$A,"2023-"&TEXT(B17,"00"),'coef1_by_am_month_2023'!$B:$B,$A$5) =0,"", (SUMIFS('coef1_by_am_month_2023'!$C:$C,'coef1_by_am_month_2023'!$A:$A,DATE(2023,B17,1),'coef1_by_am_month_2023'!$B:$B,$A$5) +SUMIFS('coef1_by_am_month_2023'!$C:$C,'coef1_by_am_month_2023'!$A:$A,"2023-"&TEXT(B17,"00"),'coef1_by_am_month_2023'!$B:$B,$A$5)) / (SUMIFS('coef1_by_am_month_2023'!$D:$D,'coef1_by_am_month_2023'!$A:$A,DATE(2023,B17,1),'coef1_by_am_month_2023'!$B:$B,$A$5) +SUMIFS('coef1_by_am_month_2023'!$D:$D,'coef1_by_am_month_2023'!$A:$A,"2023-"&TEXT(B17,"00"),'coef1_by_am_month_2023'!$B:$B,$A$5)) )) | F17: =IF($A$5="","",IF( SUMIFS('coef2_by_am_month_2023'!$D:$D,'coef2_by_am_month_2023'!$A:$A,DATE(2023,B17,1),'coef2_by_am_month_2023'!$B:$B,$A$5) +SUMIFS('coef2_by_am_month_2023'!$D:$D,'coef2_by_am_month_2023'!$A:$A,"2023-"&TEXT(B17,"00"),'coef2_by_am_month_2023'!$B:$B,$A$5) =0,"", (SUMIFS('coef2_by_am_month_2023'!$C:$C,'coef2_by_am_month_2023'!$A:$A,DATE(2023,B17,1),'coef2_by_am_month_2023'!$B:$B,$A$5) +SUMIFS('coef2_by_am_month_2023'!$C:$C,'coef2_by_am_month_2023'!$A:$A,"2023-"&TEXT(B17,"00"),'coef2_by_am_month_2023'!$B:$B,$A$5)) / (SUMIFS('coef2_by_am_month_2023'!$D:$D,'coef2_by_am_month_2023'!$A:$A,DATE(2023,B17,1),'coef2_by_am_month_2023'!$B:$B,$A$5) +SUMIFS('coef2_by_am_month_2023'!$D:$D,'coef2_by_am_month_2023'!$A:$A,"2023-"&TEXT(B17,"00"),'coef2_by_am_month_2023'!$B:$B,$A$5)) ))
B18: 3 | C18: =IFERROR(VLOOKUP(DATE(2023,B18,1),'coef1_dept_month_2023'!$A:$E,5,FALSE),"") -> 0.913645 | D18: =IFERROR(VLOOKUP(DATE(2023,B18,1),'coef2_dept_month_2023'!$A:$E,5,FALSE),"") -> 0.286526 | E18: =IF($A$5="","",IF( SUMIFS('coef1_by_am_month_2023'!$D:$D,'coef1_by_am_month_2023'!$A:$A,DATE(2023,B18,1),'coef1_by_am_month_2023'!$B:$B,$A$5) +SUMIFS('coef1_by_am_month_2023'!$D:$D,'coef1_by_am_month_2023'!$A:$A,"2023-"&TEXT(B18,"00"),'coef1_by_am_month_2023'!$B:$B,$A$5) =0,"", (SUMIFS('coef1_by_am_month_2023'!$C:$C,'coef1_by_am_month_2023'!$A:$A,DATE(2023,B18,1),'coef1_by_am_month_2023'!$B:$B,$A$5) +SUMIFS('coef1_by_am_month_2023'!$C:$C,'coef1_by_am_month_2023'!$A:$A,"2023-"&TEXT(B18,"00"),'coef1_by_am_month_2023'!$B:$B,$A$5)) / (SUMIFS('coef1_by_am_month_2023'!$D:$D,'coef1_by_am_month_2023'!$A:$A,DATE(2023,B18,1),'coef1_by_am_month_2023'!$B:$B,$A$5) +SUMIFS('coef1_by_am_month_2023'!$D:$D,'coef1_by_am_month_2023'!$A:$A,"2023-"&TEXT(B18,"00"),'coef1_by_am_month_2023'!$B:$B,$A$5)) )) | F18: =IF($A$5="","",IF( SUMIFS('coef2_by_am_month_2023'!$D:$D,'coef2_by_am_month_2023'!$A:$A,DATE(2023,B18,1),'coef2_by_am_month_2023'!$B:$B,$A$5) +SUMIFS('coef2_by_am_month_2023'!$D:$D,'coef2_by_am_month_2023'!$A:$A,"2023-"&TEXT(B18,"00"),'coef2_by_am_month_2023'!$B:$B,$A$5) =0,"", (SUMIFS('coef2_by_am_month_2023'!$C:$C,'coef2_by_am_month_2023'!$A:$A,DATE(2023,B18,1),'coef2_by_am_month_2023'!$B:$B,$A$5) +SUMIFS('coef2_by_am_month_2023'!$C:$C,'coef2_by_am_month_2023'!$A:$A,"2023-"&TEXT(B18,"00"),'coef2_by_am_month_2023'!$B:$B,$A$5)) / (SUMIFS('coef2_by_am_month_2023'!$D:$D,'coef2_by_am_month_2023'!$A:$A,DATE(2023,B18,1),'coef2_by_am_month_2023'!$B:$B,$A$5) +SUMIFS('coef2_by_am_month_2023'!$D:$D,'coef2_by_am_month_2023'!$A:$A,"2023-"&TEXT(B18,"00"),'coef2_by_am_month_2023'!$B:$B,$A$5)) ))
B19: 4 | C19: =IFERROR(VLOOKUP(DATE(2023,B19,1),'coef1_dept_month_2023'!$A:$E,5,FALSE),"") -> 0.867423 | D19: =IFERROR(VLOOKUP(DATE(2023,B19,1),'coef2_dept_month_2023'!$A:$E,5,FALSE),"") -> 0.268909 | E19: =IF($A$5="","",IF( SUMIFS('coef1_by_am_month_2023'!$D:$D,'coef1_by_am_month_2023'!$A:$A,DATE(2023,B19,1),'coef1_by_am_month_2023'!$B:$B,$A$5) +SUMIFS('coef1_by_am_month_2023'!$D:$D,'coef1_by_am_month_2023'!$A:$A,"2023-"&TEXT(B19,"00"),'coef1_by_am_month_2023'!$B:$B,$A$5) =0,"", (SUMIFS('coef1_by_am_month_2023'!$C:$C,'coef1_by_am_month_2023'!$A:$A,DATE(2023,B19,1),'coef1_by_am_month_2023'!$B:$B,$A$5) +SUMIFS('coef1_by_am_month_2023'!$C:$C,'coef1_by_am_month_2023'!$A:$A,"2023-"&TEXT(B19,"00"),'coef1_by_am_month_2023'!$B:$B,$A$5)) / (SUMIFS('coef1_by_am_month_2023'!$D:$D,'coef1_by_am_month_2023'!$A:$A,DATE(2023,B19,1),'coef1_by_am_month_2023'!$B:$B,$A$5) +SUMIFS('coef1_by_am_month_2023'!$D:$D,'coef1_by_am_month_2023'!$A:$A,"2023-"&TEXT(B19,"00"),'coef1_by_am_month_2023'!$B:$B,$A$5)) )) | F19: =IF($A$5="","",IF( SUMIFS('coef2_by_am_month_2023'!$D:$D,'coef2_by_am_month_2023'!$A:$A,DATE(2023,B19,1),'coef2_by_am_month_2023'!$B:$B,$A$5) +SUMIFS('coef2_by_am_month_2023'!$D:$D,'coef2_by_am_month_2023'!$A:$A,"2023-"&TEXT(B19,"00"),'coef2_by_am_month_2023'!$B:$B,$A$5) =0,"", (SUMIFS('coef2_by_am_month_2023'!$C:$C,'coef2_by_am_month_2023'!$A:$A,DATE(2023,B19,1),'coef2_by_am_month_2023'!$B:$B,$A$5) +SUMIFS('coef2_by_am_month_2023'!$C:$C,'coef2_by_am_month_2023'!$A:$A,"2023-"&TEXT(B19,"00"),'coef2_by_am_month_2023'!$B:$B,$A$5)) / (SUMIFS('coef2_by_am_month_2023'!$D:$D,'coef2_by_am_month_2023'!$A:$A,DATE(2023,B19,1),'coef2_by_am_month_2023'!$B:$B,$A$5) +SUMIFS('coef2_by_am_month_2023'!$D:$D,'coef2_by_am_month_2023'!$A:$A,"2023-"&TEXT(B19,"00"),'coef2_by_am_month_2023'!$B:$B,$A$5)) ))
B20: 5 | C20: =IFERROR(VLOOKUP(DATE(2023,B20,1),'coef1_dept_month_2023'!$A:$E,5,FALSE),"") -> 0.842071 | D20: =IFERROR(VLOOKUP(DATE(2023,B20,1),'coef2_dept_month_2023'!$A:$E,5,FALSE),"") | E20: =IF($A$5="","",IF( SUMIFS('coef1_by_am_month_2023'!$D:$D,'coef1_by_am_month_2023'!$A:$A,DATE(2023,B20,1),'coef1_by_am_month_2023'!$B:$B,$A$5) +SUMIFS('coef1_by_am_month_2023'!$D:$D,'coef1_by_am_month_2023'!$A:$A,"2023-"&TEXT(B20,"00"),'coef1_by_am_month_2023'!$B:$B,$A$5) =0,"", (SUMIFS('coef1_by_am_month_2023'!$C:$C,'coef1_by_am_month_2023'!$A:$A,DATE(2023,B20,1),'coef1_by_am_month_2023'!$B:$B,$A$5) +SUMIFS('coef1_by_am_month_2023'!$C:$C,'coef1_by_am_month_2023'!$A:$A,"2023-"&TEXT(B20,"00"),'coef1_by_am_month_2023'!$B:$B,$A$5)) / (SUMIFS('coef1_by_am_month_2023'!$D:$D,'coef1_by_am_month_2023'!$A:$A,DATE(2023,B20,1),'coef1_by_am_month_2023'!$B:$B,$A$5) +SUMIFS('coef1_by_am_month_2023'!$D:$D,'coef1_by_am_month_2023'!$A:$A,"2023-"&TEXT(B20,"00"),'coef1_by_am_month_2023'!$B:$B,$A$5)) )) | F20: =IF($A$5="","",IF( SUMIFS('coef2_by_am_month_2023'!$D:$D,'coef2_by_am_month_2023'!$A:$A,DATE(2023,B20,1),'coef2_by_am_month_2023'!$B:$B,$A$5) +SUMIFS('coef2_by_am_month_2023'!$D:$D,'coef2_by_am_month_2023'!$A:$A,"2023-"&TEXT(B20,"00"),'coef2_by_am_month_2023'!$B:$B,$A$5) =0,"", (SUMIFS('coef2_by_am_month_2023'!$C:$C,'coef2_by_am_month_2023'!$A:$A,DATE(2023,B20,1),'coef2_by_am_month_2023'!$B:$B,$A$5) +SUMIFS('coef2_by_am_month_2023'!$C:$C,'coef2_by_am_month_2023'!$A:$A,"2023-"&TEXT(B20,"00"),'coef2_by_am_month_2023'!$B:$B,$A$5)) / (SUMIFS('coef2_by_am_month_2023'!$D:$D,'coef2_by_am_month_2023'!$A:$A,DATE(2023,B20,1),'coef2_by_am_month_2023'!$B:$B,$A$5) +SUMIFS('coef2_by_am_month_2023'!$D:$D,'coef2_by_am_month_2023'!$A:$A,"2023-"&TEXT(B20,"00"),'coef2_by_am_month_2023'!$B:$B,$A$5)) ))
B21: 6 | C21: =IFERROR(VLOOKUP(DATE(2023,B21,1),'coef1_dept_month_2023'!$A:$E,5,FALSE),"") -> 0.930251 | D21: =IFERROR(VLOOKUP(DATE(2023,B21,1),'coef2_dept_month_2023'!$A:$E,5,FALSE),"") -> 0.196019 | E21: =IF($A$5="","",IF( SUMIFS('coef1_by_am_month_2023'!$D:$D,'coef1_by_am_month_2023'!$A:$A,DATE(2023,B21,1),'coef1_by_am_month_2023'!$B:$B,$A$5) +SUMIFS('coef1_by_am_month_2023'!$D:$D,'coef1_by_am_month_2023'!$A:$A,"2023-"&TEXT(B21,"00"),'coef1_by_am_month_2023'!$B:$B,$A$5) =0,"", (SUMIFS('coef1_by_am_month_2023'!$C:$C,'coef1_by_am_month_2023'!$A:$A,DATE(2023,B21,1),'coef1_by_am_month_2023'!$B:$B,$A$5) +SUMIFS('coef1_by_am_month_2023'!$C:$C,'coef1_by_am_month_2023'!$A:$A,"2023-"&TEXT(B21,"00"),'coef1_by_am_month_2023'!$B:$B,$A$5)) / (SUMIFS('coef1_by_am_month_2023'!$D:$D,'coef1_by_am_month_2023'!$A:$A,DATE(2023,B21,1),'coef1_by_am_month_2023'!$B:$B,$A$5) +SUMIFS('coef1_by_am_month_2023'!$D:$D,'coef1_by_am_month_2023'!$A:$A,"2023-"&TEXT(B21,"00"),'coef1_by_am_month_2023'!$B:$B,$A$5)) )) | F21: =IF($A$5="","",IF( SUMIFS('coef2_by_am_month_2023'!$D:$D,'coef2_by_am_month_2023'!$A:$A,DATE(2023,B21,1),'coef2_by_am_month_2023'!$B:$B,$A$5) +SUMIFS('coef2_by_am_month_2023'!$D:$D,'coef2_by_am_month_2023'!$A:$A,"2023-"&TEXT(B21,"00"),'coef2_by_am_month_2023'!$B:$B,$A$5) =0,"", (SUMIFS('coef2_by_am_month_2023'!$C:$C,'coef2_by_am_month_2023'!$A:$A,DATE(2023,B21,1),'coef2_by_am_month_2023'!$B:$B,$A$5) +SUMIFS('coef2_by_am_month_2023'!$C:$C,'coef2_by_am_month_2023'!$A:$A,"2023-"&TEXT(B21,"00"),'coef2_by_am_month_2023'!$B:$B,$A$5)) / (SUMIFS('coef2_by_am_month_2023'!$D:$D,'coef2_by_am_month_2023'!$A:$A,DATE(2023,B21,1),'coef2_by_am_month_2023'!$B:$B,$A$5) +SUMIFS('coef2_by_am_month_2023'!$D:$D,'coef2_by_am_month_2023'!$A:$A,"2023-"&TEXT(B21,"00"),'coef2_by_am_month_2023'!$B:$B,$A$5)) ))
B22: 7 | C22: =IFERROR(VLOOKUP(DATE(2023,B22,1),'coef1_dept_month_2023'!$A:$E,5,FALSE),"") -> 0.888553 | D22: =IFERROR(VLOOKUP(DATE(2023,B22,1),'coef2_dept_month_2023'!$A:$E,5,FALSE),"") -> 0.411793 | E22: =IF($A$5="","",IF( SUMIFS('coef1_by_am_month_2023'!$D:$D,'coef1_by_am_month_2023'!$A:$A,DATE(2023,B22,1),'coef1_by_am_month_2023'!$B:$B,$A$5) +SUMIFS('coef1_by_am_month_2023'!$D:$D,'coef1_by_am_month_2023'!$A:$A,"2023-"&TEXT(B22,"00"),'coef1_by_am_month_2023'!$B:$B,$A$5) =0,"", (SUMIFS('coef1_by_am_month_2023'!$C:$C,'coef1_by_am_month_2023'!$A:$A,DATE(2023,B22,1),'coef1_by_am_month_2023'!$B:$B,$A$5) +SUMIFS('coef1_by_am_month_2023'!$C:$C,'coef1_by_am_month_2023'!$A:$A,"2023-"&TEXT(B22,"00"),'coef1_by_am_month_2023'!$B:$B,$A$5)) / (SUMIFS('coef1_by_am_month_2023'!$D:$D,'coef1_by_am_month_2023'!$A:$A,DATE(2023,B22,1),'coef1_by_am_month_2023'!$B:$B,$A$5) +SUMIFS('coef1_by_am_month_2023'!$D:$D,'coef1_by_am_month_2023'!$A:$A,"2023-"&TEXT(B22,"00"),'coef1_by_am_month_2023'!$B:$B,$A$5)) )) | F22: =IF($A$5="","",IF( SUMIFS('coef2_by_am_month_2023'!$D:$D,'coef2_by_am_month_2023'!$A:$A,DATE(2023,B22,1),'coef2_by_am_month_2023'!$B:$B,$A$5) +SUMIFS('coef2_by_am_month_2023'!$D:$D,'coef2_by_am_month_2023'!$A:$A,"2023-"&TEXT(B22,"00"),'coef2_by_am_month_2023'!$B:$B,$A$5) =0,"", (SUMIFS('coef2_by_am_month_2023'!$C:$C,'coef2_by_am_month_2023'!$A:$A,DATE(2023,B22,1),'coef2_by_am_month_2023'!$B:$B,$A$5) +SUMIFS('coef2_by_am_month_2023'!$C:$C,'coef2_by_am_month_2023'!$A:$A,"2023-"&TEXT(B22,"00"),'coef2_by_am_month_2023'!$B:$B,$A$5)) / (SUMIFS('coef2_by_am_month_2023'!$D:$D,'coef2_by_am_month_2023'!$A:$A,DATE(2023,B22,1),'coef2_by_am_month_2023'!$B:$B,$A$5) +SUMIFS('coef2_by_am_month_2023'!$D:$D,'coef2_by_am_month_2023'!$A:$A,"2023-"&TEXT(B22,"00"),'coef2_by_am_month_2023'!$B:$B,$A$5)) ))
B23: 8 | C23: =IFERROR(VLOOKUP(DATE(2023,B23,1),'coef1_dept_month_2023'!$A:$E,5,FALSE),"") -> 0.904295 | D23: =IFERROR(VLOOKUP(DATE(2023,B23,1),'coef2_dept_month_2023'!$A:$E,5,FALSE),"") -> 0.674436 | E23: =IF($A$5="","",IF( SUMIFS('coef1_by_am_month_2023'!$D:$D,'coef1_by_am_month_2023'!$A:$A,DATE(2023,B23,1),'coef1_by_am_month_2023'!$B:$B,$A$5) +SUMIFS('coef1_by_am_month_2023'!$D:$D,'coef1_by_am_month_2023'!$A:$A,"2023-"&TEXT(B23,"00"),'coef1_by_am_month_2023'!$B:$B,$A$5) =0,"", (SUMIFS('coef1_by_am_month_2023'!$C:$C,'coef1_by_am_month_2023'!$A:$A,DATE(2023,B23,1),'coef1_by_am_month_2023'!$B:$B,$A$5) +SUMIFS('coef1_by_am_month_2023'!$C:$C,'coef1_by_am_month_2023'!$A:$A,"2023-"&TEXT(B23,"00"),'coef1_by_am_month_2023'!$B:$B,$A$5)) / (SUMIFS('coef1_by_am_month_2023'!$D:$D,'coef1_by_am_month_2023'!$A:$A,DATE(2023,B23,1),'coef1_by_am_month_2023'!$B:$B,$A$5) +SUMIFS('coef1_by_am_month_2023'!$D:$D,'coef1_by_am_month_2023'!$A:$A,"2023-"&TEXT(B23,"00"),'coef1_by_am_month_2023'!$B:$B,$A$5)) )) | F23: =IF($A$5="","",IF( SUMIFS('coef2_by_am_month_2023'!$D:$D,'coef2_by_am_month_2023'!$A:$A,DATE(2023,B23,1),'coef2_by_am_month_2023'!$B:$B,$A$5) +SUMIFS('coef2_by_am_month_2023'!$D:$D,'coef2_by_am_month_2023'!$A:$A,"2023-"&TEXT(B23,"00"),'coef2_by_am_month_2023'!$B:$B,$A$5) =0,"", (SUMIFS('coef2_by_am_month_2023'!$C:$C,'coef2_by_am_month_2023'!$A:$A,DATE(2023,B23,1),'coef2_by_am_month_2023'!$B:$B,$A$5) +SUMIFS('coef2_by_am_month_2023'!$C:$C,'coef2_by_am_month_2023'!$A:$A,"2023-"&TEXT(B23,"00"),'coef2_by_am_month_2023'!$B:$B,$A$5)) / (SUMIFS('coef2_by_am_month_2023'!$D:$D,'coef2_by_am_month_2023'!$A:$A,DATE(2023,B23,1),'coef2_by_am_month_2023'!$B:$B,$A$5) +SUMIFS('coef2_by_am_month_2023'!$D:$D,'coef2_by_am_month_2023'!$A:$A,"2023-"&TEXT(B23,"00"),'coef2_by_am_month_2023'!$B:$B,$A$5)) ))
B24: 9 | C24: =IFERROR(VLOOKUP(DATE(2023,B24,1),'coef1_dept_month_2023'!$A:$E,5,FALSE),"") -> 0.846088 | D24: =IFERROR(VLOOKUP(DATE(2023,B24,1),'coef2_dept_month_2023'!$A:$E,5,FALSE),"") | E24: =IF($A$5="","",IF( SUMIFS('coef1_by_am_month_2023'!$D:$D,'coef1_by_am_month_2023'!$A:$A,DATE(2023,B24,1),'coef1_by_am_month_2023'!$B:$B,$A$5) +SUMIFS('coef1_by_am_month_2023'!$D:$D,'coef1_by_am_month_2023'!$A:$A,"2023-"&TEXT(B24,"00"),'coef1_by_am_month_2023'!$B:$B,$A$5) =0,"", (SUMIFS('coef1_by_am_month_2023'!$C:$C,'coef1_by_am_month_2023'!$A:$A,DATE(2023,B24,1),'coef1_by_am_month_2023'!$B:$B,$A$5) +SUMIFS('coef1_by_am_month_2023'!$C:$C,'coef1_by_am_month_2023'!$A:$A,"2023-"&TEXT(B24,"00"),'coef1_by_am_month_2023'!$B:$B,$A$5)) / (SUMIFS('coef1_by_am_month_2023'!$D:$D,'coef1_by_am_month_2023'!$A:$A,DATE(2023,B24,1),'coef1_by_am_month_2023'!$B:$B,$A$5) +SUMIFS('coef1_by_am_month_2023'!$D:$D,'coef1_by_am_month_2023'!$A:$A,"2023-"&TEXT(B24,"00"),'coef1_by_am_month_2023'!$B:$B,$A$5)) )) | F24: =IF($A$5="","",IF( SUMIFS('coef2_by_am_month_2023'!$D:$D,'coef2_by_am_month_2023'!$A:$A,DATE(2023,B24,1),'coef2_by_am_month_2023'!$B:$B,$A$5) +SUMIFS('coef2_by_am_month_2023'!$D:$D,'coef2_by_am_month_2023'!$A:$A,"2023-"&TEXT(B24,"00"),'coef2_by_am_month_2023'!$B:$B,$A$5) =0,"", (SUMIFS('coef2_by_am_month_2023'!$C:$C,'coef2_by_am_month_2023'!$A:$A,DATE(2023,B24,1),'coef2_by_am_month_2023'!$B:$B,$A$5) +SUMIFS('coef2_by_am_month_2023'!$C:$C,'coef2_by_am_month_2023'!$A:$A,"2023-"&TEXT(B24,"00"),'coef2_by_am_month_2023'!$B:$B,$A$5)) / (SUMIFS('coef2_by_am_month_2023'!$D:$D,'coef2_by_am_month_2023'!$A:$A,DATE(2023,B24,1),'coef2_by_am_month_2023'!$B:$B,$A$5) +SUMIFS('coef2_by_am_month_2023'!$D:$D,'coef2_by_am_month_2023'!$A:$A,"2023-"&TEXT(B24,"00"),'coef2_by_am_month_2023'!$B:$B,$A$5)) ))
B25: 10 | C25: =IFERROR(VLOOKUP(DATE(2023,B25,1),'coef1_dept_month_2023'!$A:$E,5,FALSE),"") -> 0.961053 | D25: =IFERROR(VLOOKUP(DATE(2023,B25,1),'coef2_dept_month_2023'!$A:$E,5,FALSE),"") -> 0.239649 | E25: =IF($A$5="","",IF( SUMIFS('coef1_by_am_month_2023'!$D:$D,'coef1_by_am_month_2023'!$A:$A,DATE(2023,B25,1),'coef1_by_am_month_2023'!$B:$B,$A$5) +SUMIFS('coef1_by_am_month_2023'!$D:$D,'coef1_by_am_month_2023'!$A:$A,"2023-"&TEXT(B25,"00"),'coef1_by_am_month_2023'!$B:$B,$A$5) =0,"", (SUMIFS('coef1_by_am_month_2023'!$C:$C,'coef1_by_am_month_2023'!$A:$A,DATE(2023,B25,1),'coef1_by_am_month_2023'!$B:$B,$A$5) +SUMIFS('coef1_by_am_month_2023'!$C:$C,'coef1_by_am_month_2023'!$A:$A,"2023-"&TEXT(B25,"00"),'coef1_by_am_month_2023'!$B:$B,$A$5)) / (SUMIFS('coef1_by_am_month_2023'!$D:$D,'coef1_by_am_month_2023'!$A:$A,DATE(2023,B25,1),'coef1_by_am_month_2023'!$B:$B,$A$5) +SUMIFS('coef1_by_am_month_2023'!$D:$D,'coef1_by_am_month_2023'!$A:$A,"2023-"&TEXT(B25,"00"),'coef1_by_am_month_2023'!$B:$B,$A$5)) )) | F25: =IF($A$5="","",IF( SUMIFS('coef2_by_am_month_2023'!$D:$D,'coef2_by_am_month_2023'!$A:$A,DATE(2023,B25,1),'coef2_by_am_month_2023'!$B:$B,$A$5) +SUMIFS('coef2_by_am_month_2023'!$D:$D,'coef2_by_am_month_2023'!$A:$A,"2023-"&TEXT(B25,"00"),'coef2_by_am_month_2023'!$B:$B,$A$5) =0,"", (SUMIFS('coef2_by_am_month_2023'!$C:$C,'coef2_by_am_month_2023'!$A:$A,DATE(2023,B25,1),'coef2_by_am_month_2023'!$B:$B,$A$5) +SUMIFS('coef2_by_am_month_2023'!$C:$C,'coef2_by_am_month_2023'!$A:$A,"2023-"&TEXT(B25,"00"),'coef2_by_am_month_2023'!$B:$B,$A$5)) / (SUMIFS('coef2_by_am_month_2023'!$D:$D,'coef2_by_am_month_2023'!$A:$A,DATE(2023,B25,1),'coef2_by_am_month_2023'!$B:$B,$A$5) +SUMIFS('coef2_by_am_month_2023'!$D:$D,'coef2_by_am_month_2023'!$A:$A,"2023-"&TEXT(B25,"00"),'coef2_by_am_month_2023'!$B:$B,$A$5)) ))
B26: 11 | C26: =IFERROR(VLOOKUP(DATE(2023,B26,1),'coef1_dept_month_2023'!$A:$E,5,FALSE),"") -> 0.834005 | D26: =IFERROR(VLOOKUP(DATE(2023,B26,1),'coef2_dept_month_2023'!$A:$E,5,FALSE),"") -> 0.262118 | E26: =IF($A$5="","",IF( SUMIFS('coef1_by_am_month_2023'!$D:$D,'coef1_by_am_month_2023'!$A:$A,DATE(2023,B26,1),'coef1_by_am_month_2023'!$B:$B,$A$5) +SUMIFS('coef1_by_am_month_2023'!$D:$D,'coef1_by_am_month_2023'!$A:$A,"2023-"&TEXT(B26,"00"),'coef1_by_am_month_2023'!$B:$B,$A$5) =0,"", (SUMIFS('coef1_by_am_month_2023'!$C:$C,'coef1_by_am_month_2023'!$A:$A,DATE(2023,B26,1),'coef1_by_am_month_2023'!$B:$B,$A$5) +SUMIFS('coef1_by_am_month_2023'!$C:$C,'coef1_by_am_month_2023'!$A:$A,"2023-"&TEXT(B26,"00"),'coef1_by_am_month_2023'!$B:$B,$A$5)) / (SUMIFS('coef1_by_am_month_2023'!$D:$D,'coef1_by_am_month_2023'!$A:$A,DATE(2023,B26,1),'coef1_by_am_month_2023'!$B:$B,$A$5) +SUMIFS('coef1_by_am_month_2023'!$D:$D,'coef1_by_am_month_2023'!$A:$A,"2023-"&TEXT(B26,"00"),'coef1_by_am_month_2023'!$B:$B,$A$5)) )) | F26: =IF($A$5="","",IF( SUMIFS('coef2_by_am_month_2023'!$D:$D,'coef2_by_am_month_2023'!$A:$A,DATE(2023,B26,1),'coef2_by_am_month_2023'!$B:$B,$A$5) +SUMIFS('coef2_by_am_month_2023'!$D:$D,'coef2_by_am_month_2023'!$A:$A,"2023-"&TEXT(B26,"00"),'coef2_by_am_month_2023'!$B:$B,$A$5) =0,"", (SUMIFS('coef2_by_am_month_2023'!$C:$C,'coef2_by_am_month_2023'!$A:$A,DATE(2023,B26,1),'coef2_by_am_month_2023'!$B:$B,$A$5) +SUMIFS('coef2_by_am_month_2023'!$C:$C,'coef2_by_am_month_2023'!$A:$A,"2023-"&TEXT(B26,"00"),'coef2_by_am_month_2023'!$B:$B,$A$5)) / (SUMIFS('coef2_by_am_month_2023'!$D:$D,'coef2_by_am_month_2023'!$A:$A,DATE(2023,B26,1),'coef2_by_am_month_2023'!$B:$B,$A$5) +SUMIFS('coef2_by_am_month_2023'!$D:$D,'coef2_by_am_month_2023'!$A:$A,"2023-"&TEXT(B26,"00"),'coef2_by_am_month_2023'!$B:$B,$A$5)) ))
B27: 12 | C27: =IFERROR(VLOOKUP(DATE(2023,B27,1),'coef1_dept_month_2023'!$A:$E,5,FALSE),"") -> 0.959767 | D27: =IFERROR(VLOOKUP(DATE(2023,B27,1),'coef2_dept_month_2023'!$A:$E,5,FALSE),"") -> 0.129886 | E27: =IF($A$5="","",IF( SUMIFS('coef1_by_am_month_2023'!$D:$D,'coef1_by_am_month_2023'!$A:$A,DATE(2023,B27,1),'coef1_by_am_month_2023'!$B:$B,$A$5) +SUMIFS('coef1_by_am_month_2023'!$D:$D,'coef1_by_am_month_2023'!$A:$A,"2023-"&TEXT(B27,"00"),'coef1_by_am_month_2023'!$B:$B,$A$5) =0,"", (SUMIFS('coef1_by_am_month_2023'!$C:$C,'coef1_by_am_month_2023'!$A:$A,DATE(2023,B27,1),'coef1_by_am_month_2023'!$B:$B,$A$5) +SUMIFS('coef1_by_am_month_2023'!$C:$C,'coef1_by_am_month_2023'!$A:$A,"2023-"&TEXT(B27,"00"),'coef1_by_am_month_2023'!$B:$B,$A$5)) / (SUMIFS('coef1_by_am_month_2023'!$D:$D,'coef1_by_am_month_2023'!$A:$A,DATE(2023,B27,1),'coef1_by_am_month_2023'!$B:$B,$A$5) +SUMIFS('coef1_by_am_month_2023'!$D:$D,'coef1_by_am_month_2023'!$A:$A,"2023-"&TEXT(B27,"00"),'coef1_by_am_month_2023'!$B:$B,$A$5)) )) -> 0 | F27: =IF($A$5="","",IF( SUMIFS('coef2_by_am_month_2023'!$D:$D,'coef2_by_am_month_2023'!$A:$A,DATE(2023,B27,1),'coef2_by_am_month_2023'!$B:$B,$A$5) +SUMIFS('coef2_by_am_month_2023'!$D:$D,'coef2_by_am_month_2023'!$A:$A,"2023-"&TEXT(B27,"00"),'coef2_by_am_month_2023'!$B:$B,$A$5) =0,"", (SUMIFS('coef2_by_am_month_2023'!$C:$C,'coef2_by_am_month_2023'!$A:$A,DATE(2023,B27,1),'coef2_by_am_month_2023'!$B:$B,$A$5) +SUMIFS('coef2_by_am_month_2023'!$C:$C,'coef2_by_am_month_2023'!$A:$A,"2023-"&TEXT(B27,"00"),'coef2_by_am_month_2023'!$B:$B,$A$5)) / (SUMIFS('coef2_by_am_month_2023'!$D:$D,'coef2_by_am_month_2023'!$A:$A,DATE(2023,B27,1),'coef2_by_am_month_2023'!$B:$B,$A$5) +SUMIFS('coef2_by_am_month_2023'!$D:$D,'coef2_by_am_month_2023'!$A:$A,"2023-"&TEXT(B27,"00"),'coef2_by_am_month_2023'!$B:$B,$A$5)) ))

Sheet coef1_by_am_month_2023
A1: month | B1: AM | C1: num | D1: den | E1: coef1
A2: 2023-01 | B2: Васильев Артем Александрович | C2: 18247761 | D2: 20719288 | E2: 0.880714
A3: 2023-01 | B3: Иванова Мария Сергеевна | C3: 3897533.8 | D3: 10283051 | E3: 0.379025
A4: 2023-01 | B4: Кузнецов Михаил Иванович | C4: 1356722 | D4: 2067179 | E4: 0.656316
A5: 2023-01 | B5: Михайлов Андрей Сергеевич | C5: 5889388.2 | D5: 5591640.4 | E5: 1.053249
A6: 2023-01 | B6: Попова Екатерина Николаевна | C6: 3991491.4 | D6: 9310790.5 | E6: 0.428695
A7: 2023-01 | B7: Смирнова Ольга Владимировна | C7: 3121342.4 | D7: 3150864.4 | E7: 0.990631
A8: 2023-01 | B8: Соколова Анастасия Викторовна | C8: 6419919 | D8: 7637947.5 | E8: 0.840529
A9: 2023-02 | B9: Васильев Артем Александрович | C9: 20400902 | D9: 19442031 | E9: 1.049319
A10: 2023-02 | B10: Иванова Мария Сергеевна | C10: 4728602.5 | D10: 4512525.8 | E10: 1.047884
A11: 2023-02 | B11: Кузнецов Михаил Иванович | C11: 1057006 | D11: 1438722 | E11: 0.734684
A12: 2023-02 | B12: Михайлов Андрей Сергеевич | C12: 6839238.2 | D12: 7204784.2 | E12: 0.949263
A13: 2023-02 | B13: Попова Екатерина Николаевна | C13: 4465280 | D13: 4496869.4 | E13: 0.992975
... A94: 2023-12 | B94: Федорова Марина Васильевна | C94: 100500 | D94: 315800 | E94: 0.318239

Sheet coef1_by_am_year_2023
A1: year | B1: AM | C1: num_year | D1: den_year | E1: coef1_year
A2: 2023 | B2: без А/М | C2: 0 | D2: 68000 | E2: 0
A3: 2023 | B3: Васильев Артем Александрович | C3: 1.9734314e+08 | D3: 2.2181999e+08 | E3: 0.889654
A4: 2023 | B4: Иванова Мария Сергеевна | C4: 34988622 | D4: 45782692 | E4: 0.764233
A5: 2023 | B5: Кузнецов Михаил Иванович | C5: 26830103 | D5: 30454816 | E5: 0.880981
A6: 2023 | B6: Михайлов Андрей Сергеевич | C6: 47589644 | D6: 54004818 | E6: 0.881211
A7: 2023 | B7: Петрова Анна Дмитриевна | C7: 218885.04 | D7: 196984 | E7: 1.111182
A8: 2023 | B8: Попова Екатерина Николаевна | C8: 72101431 | D8: 81487234 | E8: 0.884819
A9: 2023 | B9: Смирнова Ольга Владимировна | C9: 61740084 | D9: 67488551 | E9: 0.914823
A10: 2023 | B10: Соколова Анастасия Викторовна | C10: 95051202 | D10: 1.0578326e+08 | E10: 0.898547
A11: 2023 | B11: Федорова Марина Васильевна | C11: 1444710 | D11: 1695110 | E11: 0.852281

Sheet coef1_dept_month_2023
A1: month | B1: AM | C1: num | D1: den | E1: coef1
A2: 44927 | B2: Отдел | C2: 42924158 | D2: 58760761 | E2: 0.73049
A3: 44958 | B3: Отдел | C3: 46660799 | D3: 48726957 | E3: 0.957597
A4: 44986 | B4: Отдел | C4: 48507742 | D4: 53092533 | E4: 0.913645
A5: 45017 | B5: Отдел | C5: 47182121 | D5: 54393425 | E5: 0.867423
A6: 45047 | B6: Отдел | C6: 43635836 | D6: 51819635 | E6: 0.842071
A7: 45078 | B7: Отдел | C7: 47207529 | D7: 50747101 | E7: 0.930251
A8: 45108 | B8: Отдел | C8: 45734398 | D8: 51470655 | E8: 0.888553
A9: 45139 | B9: Отдел | C9: 44661211 | D9: 49387884 | E9: 0.904295
A10: 45170 | B10: Отдел | C10: 42907730 | D10: 50713063 | E10: 0.846088
A11: 45200 | B11: Отдел | C11: 45135990 | D11: 46965117 | E11: 0.961053
A12: 45231 | B12: Отдел | C12: 41276768 | D12: 49492236 | E12: 0.834005
A13: 45261 | B13: Отдел | C13: 41473539 | D13: 43212082 | E13: 0.959767

Sheet coef1_dept_year_2023
A1: year | B1: AM | C1: num_year | D1: den_year | E1: coef1_year
A2: 2023 | B2: Отдел | C2: 5.3730782e+08 | D2: 6.0878145e+08 | E2: 0.882596

Sheet coef2_by_am_month_2023
A1: month | B1: AM | C1: num2 | D1: den2 | E1: coef2
A2: 44927 | B2: Иванова Мария Сергеевна | C2: 146760 | D2: 327030 | E2: 0.448766
A3: 44927 | B3: Соколова Анастасия Викторовна | C3: 146760 | D3: 216190 | E3: 0.678847
A4: 44958 | B4: Васильев Артем Александрович | C4: 1061550 | D4: 4647950 | E4: 0.228391
A5: 44958 | B5: Кузнецов Михаил Иванович | C5: 171880 | D5: 189070 | E5: 0.909081
A6: 44958 | B6: Соколова Анастасия Викторовна | C6: 265870 | D6: 1110145.5 | E6: 0.239491
A7: 44986 | B7: Васильев Артем Александрович | C7: 406644.48 | D7: 452700 | E7: 0.898265
A8: 44986 | B8: Кузнецов Михаил Иванович | C8: 135548.16 | D8: 425600 | E8: 0.318487
A9: 44986 | B9: Смирнова Ольга Владимировна | C9: 110450 | D9: 96000 | E9: 1.150521
A10: 44986 | B10: Соколова Анастасия Викторовна | C10: 91550 | D10: 1622997 | E10: 0.056408
A11: 45017 | B11: Васильев Артем Александрович | C11: 482400 | D11: 1944443.5 | E11: 0.248092
A12: 45017 | B12: Попова Екатерина Николаевна | C12: 106440 | D12: 245290 | E12: 0.433935
A13: 45078 | B13: Васильев Артем Александрович | C13: 120945 | D13: 1905257 | E13: 0.06348
... A28: 45261 | B28: Смирнова Ольга Владимировна | C28: 107600 | D28: 490140 | E28: 0.219529

Sheet coef2_by_am_year_2023
A1: year | B1: AM | C1: num2_year | D1: den2_year | E1: coef2_year
A2: 2023 | B2: Васильев Артем Александрович | C2: 2574699.5 | D2: 16877956 | E2: 0.152548
A3: 2023 | B3: Иванова Мария Сергеевна | C3: 224025 | D3: 404295 | E3: 0.554113
A4: 2023 | B4: Кузнецов Михаил Иванович | C4: 307428.16 | D4: 614670 | E4: 0.500152
A5: 2023 | B5: Михайлов Андрей Сергеевич | C5: 128439.52 | D5: 634462.64 | E5: 0.202438
A6: 2023 | B6: Попова Екатерина Николаевна | C6: 1149776 | D6: 2021056.5 | E6: 0.568898
A7: 2023 | B7: Смирнова Ольга Владимировна | C7: 1728902.2 | D7: 2860168.5 | E7: 0.604476
A8: 2023 | B8: Соколова Анастасия Викторовна | C8: 1516219.5 | D8: 5261624.8 | E8: 0.288166

Sheet coef2_dept_month_2023
A1: month | B1: AM | C1: num2 | D1: den2 | E1: coef2
A2: 44927 | B2: Отдел | C2: 293520 | D2: 543220 | E2: 0.540334
A3: 44958 | B3: Отдел | C3: 1499300 | D3: 5947165.5 | E3: 0.252103
A4: 44986 | B4: Отдел | C4: 744192.64 | D4: 2597297 | E4: 0.286526
A5: 45017 | B5: Отдел | C5: 588840 | D5: 2189733.5 | E5: 0.268909
A6: 45078 | B6: Отдел | C6: 598130 | D6: 3051384 | E6: 0.196019
A7: 45108 | B7: Отдел | C7: 645411.24 | D7: 1567319 | E7: 0.411793
A8: 45139 | B8: Отдел | C8: 1003150 | D8: 1487390 | E8: 0.674436
A9: 45200 | B9: Отдел | C9: 1584366 | D9: 6611202.4 | E9: 0.239649
A10: 45231 | B10: Отдел | C10: 128400 | D10: 489856.52 | E10: 0.262118
A11: 45261 | B11: Отдел | C11: 544180 | D11: 4189665 | E11: 0.129886

Sheet coef2_dept_year_2023
A1: year | B1: AM | C1: num2_year | D1: den2_year | E1: coef2_year
A2: 2023 | B2: Отдел | C2: 7629489.9 | D2: 28674233 | E2: 0.266075
